"label_site","label_base","image"
"Angular","Angular","angular-banera.png"
"Angular","Lavamanos_Angular","lavamanos-angular.jpg"
"Armario de baño","Armario de baño","armario-de-bano.png"
"Asímetrica","Asímetrica","asimetrica-banera-hidromasaje.png"
"Balda","Balda","balda.png"
"Baño-ducha","Baño-ducha","bano-ducha.png"
"Bastidor","Bastidor","bastidor-inodoro.jpg"
"Bidé a suelo","Bidé a suelo","bide-a-suelo.png"
"Bidé suspendido","Bidé suspendido","bide-suspendido.png"
"Cisterna","cisterna","cisterna-inodoro.jpg"
"Columna","Columna","columna-mueble.png"
"Cómoda","Cómoda","comoda-mueble.png"
"Cuadrado","Cuadrado","plato-de-ducha-cuadrado.png"
"En isla","En isla","banera-en-isla.png"
"Encastrada","encastrado","banera-encastrada.png"
"Encimera","Encimera","encimera.png"
"Espacio abierto","Espacio abierto","espacio-abierto.png"
"Espacio cerrado","Espacio cerrado","espacio-cerrado.png"
"Espejo","Espejo","espejo.png"
"Inodoro a suelo","Inodoro a suelo","inodoro-a-suelo.png"
"Inodoro independiente","Inodoro independiente","inodoro-independiente.png"
"Inodoro suspendido","Inodoro suspendido","inodoro-suspendido.png"
"Lavabo de empotrar sobre encimera","Lavabo de empotrar sobre encimera","lavabo-de-empotrar-sobre encimera.png"
"Lavabo de encastrar por debajo","Lavabo de encastrar por debajo","lavabo-de encastrar-por-debajo.png"
"Lavabo plano","Lavabo plano","lavabo-plano.png"
"Lavabo plano doble","Lavabo plano doble","lavabo-plano-doble.png"
"Lavabo plano para 2 grifos","Lavabo plano para 2 grifos","lavabo-plano-para-2-grifos.png"
"Lavabo sobre encimera","Lavabo sobre encimera","lavabo-sobre-encimera.png"
"Angular","Lavabo_Angular","lavabo-angular.png"
"Compacto","Lavabo_Compacto","lavabo-compacto.png"
"Estándar","Lavabo_Estándar","lavabo-estandar.png"
"Mueble para lavabo plano","Mueble para lavabo plano","mueble-para-lavabo-plano.png"
"Mueble para lavamanos","Mueble para lavamanos","mueble-para-lavamanos.jpg"
"Pack - Inodoro completo","Pack - Inodoro completo","pack-inodoro completo.png"
"Pentagonal","Pentagonal","plato-de-ducha-pentagonal.jpg"
"Angular","Angular","plato-de-ducha-angular.jpg"
"Rectangular","Rectangular","plato-de-ducha-rectangular.png"
"Pulsador","Pulsador","pulsador-inodoro.jpg"
"Rectangular","Bañera Rectangular","banera-hidromasaje-rectangular.png"
"Estándar","Lavamanos_Estándar","lavamanos-estandar.png"
"Compacto","Lavamanos_Compacto","lavamanos-compacto.png"
"Angular","Bañera Angular","angular-banera-hidromasaje.jpg"